Date,Open,High,Low,Close,Adj Close,Volume,percent change,decision
2018-08-20,194.2100067138672,194.25,192.64999389648438,193.55999755859375,188.63645935058594,439000,-0.0033469395644020895,0
2018-08-21,194.00999450683594,195.1199951171875,193.83999633789062,193.97999572753906,189.0457763671875,345100,-0.00015462491699528395,0
2018-08-22,193.63999938964844,195.2899932861328,193.35000610351562,194.97000122070312,190.0106201171875,292400,0.006868425094230745,0
2018-08-23,194.86000061035156,196.47999572753906,194.7899932861328,195.58999633789062,190.61483764648438,325600,0.0037462574425358125,0
2018-08-24,196.19000244140625,197.8699951171875,196.19000244140625,197.8300018310547,192.79783630371094,367400,0.008359240375351119,1
2018-08-27,198.74000549316406,199.60000610351562,198.25,199.35000610351562,194.27920532226562,449200,0.0030693398082478384,0
2018-08-28,200.00999450683594,200.4600067138672,199.3800048828125,200.3000030517578,195.20501708984375,338400,0.0014499702659207018,0
2018-08-29,200.32000732421875,202.35000610351562,200.32000732421875,202.22000122070312,197.07620239257812,3916000,0.009484793465533511,1
2018-08-30,201.82000732421875,203.07000732421875,201.17999267578125,201.72999572753906,196.5986328125,480200,-0.0004459993727732164,0
2018-08-31,201.5500030517578,203.1300048828125,201.5500030517578,202.8000030517578,197.64144897460938,331800,0.006201934909814918,0
2018-09-04,202.44000244140625,203.17999267578125,201.2100067138672,203.08999633789062,197.92404174804688,510600,0.0032107977111515184,0
2018-09-05,202.92999267578125,202.92999267578125,198.8800048828125,199.92999267578125,194.8444061279297,543300,-0.01478342338874009,0
2018-09-06,199.92999267578125,200.3000030517578,197.5,198.86000061035156,193.80165100097656,510200,-0.005351833664921163,0
2018-09-07,197.7899932861328,200.1300048828125,197.4499969482422,198.25,193.20716857910156,456900,0.002325732997026391,0
2018-09-10,199.07000732421875,199.22999572753906,197.77999877929688,198.97999572753906,193.91859436035156,352300,-0.0004521605132263274,0
2018-09-11,198.22000122070312,200.75999450683594,197.77999877929688,200.24000549316406,195.1465606689453,513500,0.010190718696504366,1
2018-09-12,200.08999633789062,200.1199951171875,197.52999877929688,199.85000610351562,194.76646423339844,441300,-0.0011994114586804734,0
2018-09-13,201.10000610351562,203.00999450683594,201.00999450683594,202.16000366210938,197.01773071289062,420100,0.005270997147797795,0
2018-09-14,202.41000366210938,203.33999633789062,201.3699951171875,202.35000610351562,197.20289611816406,372800,-0.0002964159750419558,0
2018-09-17,202.1199951171875,202.3699951171875,199.07000732421875,199.2899932861328,194.22071838378906,367700,-0.014001592615386102,0
2018-09-18,199.36000061035156,201.5,199.1699981689453,200.60000610351562,195.49737548828125,799300,0.006219931226764235,0
2018-09-19,200.75,201.32000732421875,198.8300018310547,199.61000061035156,194.53257751464844,507900,-0.005678701816430573,0
2018-09-20,200.86000061035156,202.1300048828125,200.1300048828125,201.77000427246094,196.63763427734375,795700,0.004530536987673776,0
2018-09-21,202.55999755859375,202.97000122070312,201.07000732421875,201.4499969482422,196.32577514648438,699200,-0.005479860899141633,0
2018-09-24,199.8300018310547,201.66000366210938,198.91000366210938,201.5399932861328,197.0482940673828,438100,0.00855723084326361,1
2018-09-25,201.55999755859375,202.02999877929688,200.86000061035156,201.61000061035156,197.1167449951172,309600,0.0002480802359767669,0
2018-09-26,201.8300018310547,202.61000061035156,200.35000610351562,200.66000366210938,196.18792724609375,520700,-0.005796948710948731,0
2018-09-27,201.50999450683594,202.3699951171875,201.47000122070312,201.66000366210938,197.16563415527344,387800,0.0007444253851555172,0
2018-09-28,201.3699951171875,202.7899932861328,201.27000427246094,202.55999755859375,198.0455780029297,312600,0.005909532056718414,0
2018-10-01,203.5800018310547,204.1999969482422,202.47999572753906,202.92999267578125,198.4073028564453,506100,-0.0031928929630959616,0
2018-10-02,202.92999267578125,204.00999450683594,202.17999267578125,202.6699981689453,198.15310668945312,646500,-0.001281202957767448,0
2018-10-03,203.5,204.44000244140625,203.22000122070312,203.55999755859375,199.0232696533203,418700,0.0002948282977579853,0
2018-10-04,202.7899932861328,203.0,198.60000610351562,199.97999572753906,195.52308654785156,705500,-0.013856687467950636,0
2018-10-05,199.91000366210938,200.50999450683594,195.30999755859375,197.35000610351562,192.95166015625,752700,-0.012805750146054186,0
2018-10-08,196.5,196.8000030517578,192.57000732421875,194.75999450683594,190.41940307617188,777000,-0.008854989787094465,0
2018-10-09,194.69000244140625,196.44000244140625,194.3000030517578,195.27000427246094,190.91802978515625,649500,0.0029791043391108095,0
2018-10-10,194.3800048828125,194.3800048828125,185.83999633789062,186.1999969482422,182.05018615722656,1403600,-0.04208255854043147,0
2018-10-11,185.42999267578125,188.49000549316406,182.25999450683594,183.60000610351562,179.50811767578125,1910200,-0.009868881219584047,0
2018-10-12,188.5800018310547,189.85000610351562,185.72000122070312,189.25999450683594,185.04197692871094,1150400,0.0036058578278647105,0
2018-10-15,188.80999755859375,189.13999938964844,186.25999450683594,186.5500030517578,182.3923797607422,655100,-0.011969676055604997,0
2018-10-16,188.8800048828125,192.94000244140625,188.5,192.35000610351562,188.06314086914062,682900,0.018371458762170355,1
2018-10-17,192.8300018310547,192.8300018310547,190.0,191.6699981689453,187.3982696533203,566100,-0.006015680397730308,0
2018-10-18,190.80999755859375,190.80999755859375,186.6699981689453,187.8000030517578,183.614501953125,1090500,-0.01577482598054974,0
2018-10-19,188.8000030517578,190.58999633789062,186.66000366210938,187.25999450683594,183.0865478515625,503800,-0.008156824788290367,0
2018-10-22,188.0399932861328,189.91000366210938,186.92999267578125,188.77999877929688,184.5726776123047,752600,0.003935362261144236,0
2018-10-23,185.13999938964844,189.0800018310547,183.02000427246094,188.07000732421875,183.87850952148438,890000,0.015825904419518623,1
2018-10-24,187.7100067138672,188.07000732421875,179.4199981689453,179.6300048828125,175.62660217285156,990800,-0.04304513101089657,0
2018-10-25,182.02999877929688,186.3300018310547,181.7100067138672,185.39999389648438,181.2679901123047,1115800,0.018513405151825917,1
2018-10-26,180.92999267578125,184.92999267578125,178.9600067138672,181.67999267578125,177.6309051513672,864100,0.0041452497118262075,0
2018-10-29,184.32000732421875,185.47999572753906,175.1199951171875,178.67999267578125,174.69776916503906,973800,-0.03059903659029656,0
2018-10-30,178.16000366210938,181.17999267578125,177.41000366210938,180.97000122070312,176.93673706054688,904100,0.0157723254424886,1
2018-10-31,183.5800018310547,186.85000610351562,183.22000122070312,185.38999938964844,181.25823974609375,680000,0.009859448417804558,1
2018-11-01,185.80999755859375,188.05999755859375,184.27000427246094,187.92999267578125,183.7416229248047,686900,0.011409478203770902,1
2018-11-02,186.7100067138672,187.75999450683594,183.0500030517578,184.50999450683594,180.39785766601562,641800,-0.01178304390724363,0
2018-11-05,184.35000610351562,184.35000610351562,181.50999450683594,184.07000732421875,179.9676513671875,507400,-0.0015188433416142713,0
2018-11-06,183.88999938964844,186.0,183.5500030517578,185.19000244140625,181.06268310546875,522700,0.007069460308187877,0
2018-11-07,187.1699981689453,190.5800018310547,187.0,190.5,186.25433349609375,617700,0.017791322667262768,1
2018-11-08,189.83999633789062,190.63999938964844,189.00999450683594,190.14999389648438,185.91213989257812,480900,0.0016329412377463096,0
2018-11-09,188.38999938964844,188.75,185.19000244140625,186.8699951171875,182.7052459716797,463200,-0.008068391514334586,0
2018-11-12,185.25,185.5500030517578,179.9600067138672,180.44000244140625,176.41856384277344,589300,-0.02596489910172065,0
2018-11-13,180.7100067138672,183.5800018310547,180.0399932861328,180.52000427246094,176.49676513671875,802400,-0.0010514218048096047,0
2018-11-14,182.4199981689453,182.97999572753906,177.6300048828125,178.55999755859375,174.5804443359375,2561200,-0.021159964088897126,0
2018-11-15,178.8000030517578,183.41000366210938,177.7899932861328,183.02999877929688,178.9508056640625,2085500,0.02365769382182053,1
2018-11-16,180.97999572753906,183.69000244140625,180.69000244140625,182.77000427246094,178.69662475585938,522100,0.009890643094149968,1
2018-11-19,181.72000122070312,182.0,175.10000610351562,175.57000732421875,171.6571044921875,761800,-0.03384324155388413,0
2018-11-20,170.75999450683594,174.3300018310547,169.67999267578125,172.0,168.1666717529297,1628000,0.007261686185603748,0
2018-11-21,174.57000732421875,175.0399932861328,172.6699981689453,173.4499969482422,169.5843505859375,540300,-0.006415823617950776,0
2018-11-23,171.74000549316406,173.89999389648438,171.41000366210938,172.2899932861328,168.45018005371094,208300,0.00320244424931407,0
2018-11-26,174.39999389648438,176.07000732421875,173.61000061035156,176.02999877929688,172.10684204101562,555400,0.009346358600104047,1
2018-11-27,174.8699951171875,176.55999755859375,173.86000061035156,176.1699981689453,172.2436981201172,438700,0.007434111557483762,0
2018-11-28,177.6199951171875,182.35000610351562,177.1300048828125,182.32000732421875,178.2566680908203,611800,0.026461053576374356,1
2018-11-29,181.86000061035156,182.22999572753906,179.80999755859375,180.8800048828125,176.8487548828125,485300,-0.005388737073848226,0
2018-11-30,181.22999572753906,182.77999877929688,180.3000030517578,182.6699981689453,178.59884643554688,425000,0.00794571801221663,0
2018-12-03,187.14999389648438,187.52000427246094,184.52999877929688,186.52000427246094,182.36305236816406,1336200,-0.0033662283973778526,0
2018-12-04,185.30999755859375,185.4499969482422,179.07000732421875,179.35000610351562,175.35284423828125,691000,-0.03216227690680108,0
2018-12-06,175.44000244140625,179.88999938964844,174.5500030517578,179.88999938964844,175.88082885742188,919700,0.025364779333769134,1
2018-12-07,179.1999969482422,179.99000549316406,172.86000061035156,173.6699981689453,169.79942321777344,735300,-0.030859368713572515,0
2018-12-10,172.89999389648438,176.61000061035156,171.89999389648438,175.97000122070312,172.0481719970703,860100,0.01775597127005551,1
2018-12-11,178.72999572753906,178.97000122070312,174.72999572753906,176.0500030517578,172.1263885498047,859800,-0.01499464409917351,0
2018-12-12,178.86000061035156,180.3699951171875,177.60000610351562,177.6300048828125,173.6711883544922,605100,-0.006876863040041141,0
2018-12-13,178.02000427246094,178.86000061035156,176.0800018310547,177.0,173.68197631835938,476800,-0.005729717155268761,0
2018-12-14,174.91000366210938,175.91000366210938,172.6199951171875,172.8699951171875,169.62939453125,678800,-0.011663189653021547,0
2018-12-17,172.27000427246094,173.19000244140625,167.61000061035156,168.8699951171875,165.70437622070312,3788100,-0.01973651286323769,0
2018-12-18,170.25,171.75,168.91000366210938,170.27999877929688,167.0879364013672,969500,0.00017620428368208516,0
2018-12-19,170.22000122070312,173.0,165.2899932861328,166.82000732421875,163.69281005859375,1194200,-0.01997411509870703,0
2018-12-20,166.22000122070312,167.82000732421875,161.5500030517578,163.97000122070312,160.896240234375,1619200,-0.013536277123548456,0
2018-12-21,163.42999267578125,165.64999389648438,158.13999938964844,158.89999389648438,155.92127990722656,1495600,-0.027718282948734276,0
2018-12-24,157.41000366210938,159.25,154.72000122070312,154.80999755859375,151.90794372558594,1099800,-0.016517413398304114,0
2018-12-26,155.94000244140625,164.16000366210938,155.10000610351562,164.16000366210938,161.0826873779297,1532400,0.05271258876497551,1
2018-12-27,161.97999572753906,165.50999450683594,159.02999877929688,165.50999450683594,162.40737915039062,1026200,0.02179280696632789,1
2018-12-28,166.52999877929688,167.92999267578125,163.7899932861328,165.1699981689453,162.07374572753906,1232600,-0.008166700416265413,0
2018-12-31,166.61000061035156,167.3300018310547,165.41000366210938,166.8300018310547,163.70262145996094,965900,0.0013204562745164302,0
2019-01-02,163.5500030517578,167.77000427246094,163.33999633789062,166.92999267578125,163.80075073242188,861200,0.020666399027542602,1
2019-01-03,162.74000549316406,163.02000427246094,158.5,158.67999267578125,155.7053985595703,705100,-0.024947847365983742,0
2019-01-04,161.5399932861328,166.35000610351562,161.07000732421875,165.5800018310547,162.47604370117188,731900,0.025009339561911967,1
2019-01-07,165.8699951171875,168.52999877929688,165.5,167.42999267578125,164.29136657714844,1108000,0.009404941246254987,1
2019-01-08,169.07000732421875,169.69000244140625,166.94000244140625,169.0399932861328,165.87118530273438,4256000,-0.00017752432001958093,0
2019-01-09,169.91000366210938,172.02999877929688,169.72999572753906,171.14999389648438,167.94163513183594,796200,0.0072979236516344265,0
2019-01-10,170.0,172.0500030517578,169.13999938964844,171.9499969482422,168.72665405273438,402800,0.011470570283777574,1
2019-01-11,171.0800018310547,172.0,170.74000549316406,171.85000610351562,168.62850952148438,391300,0.00450084325590161,0
2019-01-14,170.25999450683594,170.7100067138672,169.55999755859375,170.14999389648438,166.96038818359375,550800,-0.0006460743210416701,0
2019-01-15,170.47000122070312,172.9600067138672,170.4499969482422,172.66000366210938,169.42333984375,436500,0.0128468494498977,1
2019-01-16,172.94000244140625,173.9499969482422,172.3000030517578,172.83999633789062,169.59996032714844,3646600,-0.0005782705106038613,0
2019-01-17,172.2100067138672,175.0500030517578,171.89999389648438,174.16000366210938,170.89520263671875,582600,0.011323366077571636,1
2019-01-18,175.6699981689453,177.1999969482422,174.6699981689453,176.75,173.43666076660156,628300,0.006147901419205506,0
2019-01-22,175.4499969482422,175.7100067138672,172.5,173.83999633789062,170.5812225341797,1039500,-0.009176407172161498,0
2019-01-23,174.52000427246094,175.85000610351562,172.42999267578125,174.25,170.98353576660156,501500,-0.001547125062175717,0
2019-01-24,174.83999633789062,176.47000122070312,174.83999633789062,176.0399932861328,172.73995971679688,581600,0.00686340067133786,0
2019-01-25,177.35000610351562,179.1999969482422,176.77999877929688,178.77000427246094,175.41880798339844,633000,0.008006755681285335,1
2019-01-28,176.3000030517578,176.58999633789062,175.10000610351562,176.5399932861328,173.2305908203125,564300,0.0013612605230899748,0
2019-01-29,176.75999450683594,176.8699951171875,174.42999267578125,174.77000427246094,171.49378967285156,535100,-0.011258148315330707,0
2019-01-30,177.39999389648438,180.25999450683594,176.47000122070312,179.7899932861328,176.41969299316406,851900,0.01347237582794416,1
2019-01-31,179.19000244140625,181.14999389648438,178.72999572753906,180.16000366210938,176.78274536132812,640600,0.005413255245756849,0
2019-02-01,180.3699951171875,182.13999938964844,180.16000366210938,181.3800048828125,177.97988891601562,515600,0.005599655114304296,0
2019-02-04,181.63999938964844,184.22999572753906,181.58999633789062,184.22999572753906,180.77642822265625,436800,0.014258953680872053,1
2019-02-05,184.6999969482422,186.14999389648438,184.60000610351562,185.75,182.2679443359375,532300,0.005684911040101701,0
2019-02-06,185.9600067138672,186.86000061035156,185.1699981689453,186.39999389648438,182.90576171875,411900,0.002366031225704281,0
2019-02-07,184.72000122070312,185.4499969482422,182.67999267578125,183.8800048828125,180.43301391601562,514600,-0.004547403271652207,0
2019-02-08,182.3000030517578,185.07000732421875,182.17999267578125,185.07000732421875,181.6007080078125,451400,0.015194757137082933,1
2019-02-11,185.82000732421875,186.66000366210938,184.75,185.1699981689453,181.69882202148438,380600,-0.0034980579574475073,0
2019-02-12,186.4199981689453,187.83999633789062,186.24000549316406,187.67999267578125,184.16177368164062,580000,0.006758902044908576,0
2019-02-13,188.57000732421875,189.17999267578125,187.74000549316406,187.97000122070312,184.44631958007812,411200,-0.003181874530470806,0
2019-02-14,187.38999938964844,189.0500030517578,187.1199951171875,188.41000366210938,184.8780975341797,404900,0.005443216157656294,0
2019-02-15,189.92999267578125,190.0,188.75999450683594,189.85000610351562,186.2910919189453,389700,-0.00042113713131219644,0
2019-02-19,189.4199981689453,190.5500030517578,189.19000244140625,190.0,186.43826293945312,654800,0.0030619883679725247,0
2019-02-20,190.16000366210938,190.97999572753906,189.32000732421875,190.27000427246094,186.70321655273438,1070500,0.0005784634425387363,0
2019-02-21,189.8699951171875,190.91000366210938,189.0800018310547,190.22999572753906,186.6639404296875,341300,0.0018960373919500583,0
2019-02-22,191.0500030517578,192.77000427246094,191.00999450683594,192.77000427246094,189.15635681152344,387100,0.009002885073166711,1
2019-02-25,194.33999633789062,194.99000549316406,193.5500030517578,193.6699981689453,190.03948974609375,929000,-0.0034475567642824043,0
2019-02-26,193.11000061035156,194.5,193.00999450683594,193.97999572753906,190.3436737060547,724100,0.004505178988336994,0
2019-02-27,193.2899932861328,194.10000610351562,191.97000122070312,193.97999572753906,190.3436737060547,400600,0.0035697783919150915,0
2019-02-28,193.3000030517578,194.0800018310547,192.80999755859375,193.36000061035156,189.73529052734375,273400,0.0003103857095009208,0
2019-03-01,194.86000061035156,195.0,192.99000549316406,194.60000610351562,190.95205688476562,410700,-0.0013342630915609563,0
2019-03-04,195.4199981689453,195.66000366210938,191.25,193.47999572753906,189.85302734375,563900,-0.009927348580410235,0
2019-03-05,193.44000244140625,193.47000122070312,192.22000122070312,192.8300018310547,189.21522521972656,359300,-0.0031534357043669606,0
2019-03-06,192.8300018310547,192.85000610351562,191.32000732421875,191.5800018310547,187.98866271972656,319700,-0.006482393756834427,0
2019-03-07,191.05999755859375,191.2899932861328,189.25999450683594,189.9199981689453,186.35977172851562,518400,-0.005966708909324808,0
2019-03-08,187.52999877929688,190.00999450683594,187.1300048828125,189.94000244140625,186.37940979003906,452600,0.012851296740772107,1
2019-03-11,190.6699981689453,194.22999572753906,190.6699981689453,194.11000061035156,190.47120666503906,564700,0.01804165560623857,1
2019-03-12,194.55999755859375,195.77999877929688,193.92999267578125,195.07000732421875,191.41323852539062,1331200,0.002621349568383939,0
2019-03-13,195.99000549316406,197.47000122070312,195.5800018310547,196.2899932861328,192.6103515625,650200,0.001530628014494409,0
2019-03-14,196.72000122070312,197.25,196.11000061035156,196.67999267578125,192.99305725097656,368600,-0.00020337812461168508,0
2019-03-15,197.25999450683594,199.72999572753906,197.19000244140625,198.88999938964844,195.16163635253906,473700,0.008263230904409323,1
2019-03-18,199.16000366210938,200.27000427246094,198.3699951171875,199.64999389648438,195.90736389160156,567400,0.0024602843209739393,0
2019-03-19,200.50999450683594,200.97000122070312,199.3699951171875,200.1300048828125,196.37838745117188,537300,-0.0018951156273184309,0
2019-03-20,200.0,201.11000061035156,198.19000244140625,199.52000427246094,195.77981567382812,722700,-0.0023999786376953124,0
2019-03-21,198.8699951171875,204.24000549316406,198.8699951171875,203.8800048828125,200.6584930419922,476700,0.025192386426483127,1
2019-03-22,202.7100067138672,203.55999755859375,198.6300048828125,198.6999969482422,195.56033325195312,984500,-0.019782002036462264,0
2019-03-25,198.11000061035156,199.05999755859375,196.5,197.88999938964844,194.7631378173828,541900,-0.0011105003282284053,0
2019-03-26,199.4600067138672,200.80999755859375,197.9499969482422,199.0399932861328,195.8949432373047,454300,-0.002105752600003167,0
2019-03-27,199.3800048828125,200.0,195.8699951171875,197.7899932861328,194.6647186279297,542900,-0.007974779605478653,0
2019-03-28,198.32000732421875,199.4499969482422,197.3300018310547,198.6199951171875,195.48158264160156,436300,0.0015126451285286718,0
2019-03-29,200.14999389648438,200.7100067138672,199.47000122070312,200.6300048828125,197.45985412597656,413300,0.002398256312595153,0
2019-04-01,202.75,203.61000061035156,201.5,203.44000244140625,200.22544860839844,793700,0.003403217960080148,0
2019-04-02,203.4199981689453,204.30999755859375,202.83999633789062,204.02000427246094,200.79627990722656,469600,0.002949592512616705,0
2019-04-03,205.27000427246094,206.77000427246094,204.9499969482422,205.74000549316406,202.48910522460938,542200,0.002289673166661401,0
2019-04-04,205.7100067138672,206.10000610351562,203.25,204.63999938964844,201.40647888183594,421400,-0.005201532688232708,0
2019-04-05,205.3300018310547,205.83999633789062,204.99000549316406,205.61000061035156,202.3611297607422,407600,0.0013636525437098943,0
2019-04-08,205.1699981689453,206.4600067138672,204.16000366210938,206.42999267578125,203.16819763183594,530900,0.006141222001661309,0
2019-04-09,205.52000427246094,206.3699951171875,205.10000610351562,205.47999572753906,202.2332000732422,698700,-0.00019466983305836777,0
2019-04-10,205.75999450683594,207.13999938964844,205.64999389648438,207.1199951171875,203.8472900390625,551700,0.006609645444495671,0
2019-04-11,207.44000244140625,207.5500030517578,206.52999877929688,207.02000427246094,203.74887084960938,357300,-0.002024672984970417,0
2019-04-12,208.16000366210938,208.39999389648438,207.02000427246094,208.36000061035156,205.0677032470703,387600,0.0009607847075503882,0
2019-04-15,208.52999877929688,208.97999572753906,207.25,208.36000061035156,205.0677032470703,395600,-0.0008152216464799123,0
2019-04-16,209.11000061035156,209.66000366210938,208.36000061035156,209.25999450683594,205.95347595214844,403000,0.0007172966192270665,0
2019-04-17,210.4499969482422,210.58999633789062,209.16000366210938,210.00999450683594,206.69163513183594,583100,-0.0020907695309421346,0
2019-04-18,210.2899932861328,210.44000244140625,208.83999633789062,210.38999938964844,207.0656280517578,383500,0.00047556282613767017,0
2019-04-22,209.5500030517578,211.0800018310547,209.35000610351562,211.0399932861328,207.70533752441406,493900,0.007110428120618924,0
2019-04-23,211.49000549316406,213.6999969482422,211.25,213.47000122070312,210.09695434570312,1969500,0.009362124337374711,1
2019-04-24,213.61000061035156,214.64999389648438,213.3300018310547,213.61000061035156,210.2347412109375,486800,0.0,0
2019-04-25,214.63999938964844,215.0399932861328,212.14999389648438,213.33999633789062,209.96900939941406,626300,-0.006056667235624808,0
2019-04-26,212.3699951171875,212.91000366210938,210.61000061035156,212.88999938964844,209.526123046875,1700700,0.002448576938441774,0
2019-04-29,212.91000366210938,213.77000427246094,212.8300018310547,213.02999877929688,209.6638946533203,1509700,0.0005635954869360372,0
2019-04-30,213.02000427246094,213.6699981689453,211.6699981689453,213.41000366210938,210.03790283203125,1412900,0.0018308111061232212,0
2019-05-01,215.41000366210938,215.77000427246094,212.58999633789062,212.58999633789062,209.23086547851562,461000,-0.013091348016697469,0
2019-05-02,212.5800018310547,214.07000732421875,210.3699951171875,211.61000061035156,208.26634216308594,817900,-0.00456299375457726,0
2019-05-03,212.60000610351562,213.8800048828125,212.1199951171875,213.69000244140625,210.3134765625,323400,0.0051269816867263035,0
2019-05-06,208.74000549316406,212.55999755859375,207.89999389648438,212.25,208.896240234375,1000500,0.01681515001661186,1
2019-05-07,209.82000732421875,210.6999969482422,205.8300018310547,207.74000549316406,204.45748901367188,1050400,-0.009913267364635157,0
2019-05-08,207.19000244140625,209.05999755859375,206.61000061035156,207.36000061035156,204.08349609375,704500,0.0008204940727938276,0
2019-05-09,204.97999572753906,206.57000732421875,202.30999755859375,205.97000122070312,202.7154541015625,917900,0.0048297663859842455,0
2019-05-10,204.66000366210938,207.44000244140625,201.66000366210938,206.5500030517578,203.2863006591797,523900,0.00923482534852681,1
2019-05-13,200.88999938964844,201.8800048828125,197.9499969482422,198.5399932861328,195.40286254882812,1560000,-0.011697974566456777,0
2019-05-14,199.60000610351562,203.00999450683594,199.5800018310547,201.8699951171875,198.6802215576172,662500,0.011372690101495407,1
2019-05-15,200.47999572753906,204.60000610351562,200.3800048828125,203.94000244140625,200.71754455566406,1531700,0.017258613266180858,1
2019-05-16,204.17999267578125,207.38999938964844,203.97999572753906,206.0500030517578,202.79420471191406,795000,0.009158636708083168,1
2019-05-17,203.8800048828125,206.8300018310547,203.7899932861328,204.0,200.77658081054688,404700,0.000588557555001392,0
2019-05-20,200.85000610351562,202.07000732421875,199.58999633789062,200.42999267578125,197.26300048828125,640900,-0.0020911795617168426,0
2019-05-21,202.5800018310547,203.7100067138672,202.30999755859375,203.1699981689453,199.95970153808594,307400,0.002912411553745879,0
2019-05-22,201.77999877929688,203.25,201.77999877929688,201.94000244140625,198.74916076660156,314700,0.0007929609628176475,0
2019-05-23,199.38999938964844,199.50999450683594,196.9600067138672,198.27000427246094,195.1371307373047,791700,-0.005617107781814085,0
2019-05-24,199.5,200.38999938964844,198.27000427246094,198.42999267578125,195.29458618164062,292200,-0.005363445234179198,0
2019-05-28,199.0500030517578,200.36000061035156,197.80999755859375,197.80999755859375,194.6843719482422,418800,-0.0062296180565324134,0
2019-05-29,196.50999450683594,197.6999969482422,195.38999938964844,196.47999572753906,193.37539672851562,786600,-0.00015265777891938946,0
2019-05-30,197.1199951171875,198.1999969482422,196.4499969482422,197.63999938964844,194.51708984375,404700,0.0026380087527487807,0
2019-05-31,195.22999572753906,196.32000732421875,194.38999938964844,194.4600067138672,191.38734436035156,480000,-0.003944009786008824,0
2019-06-03,194.7899932861328,195.6999969482422,189.69000244140625,190.9199981689453,187.9032745361328,837600,-0.019867525286592875,0
2019-06-04,193.3800048828125,197.3699951171875,192.50999450683594,197.25999450683594,194.14306640625,433800,0.020064068290693734,1
2019-06-05,199.75,200.27000427246094,197.39999389648438,199.80999755859375,196.65280151367188,818100,0.00030036324702753444,0
2019-06-06,200.1999969482422,202.5,199.36000061035156,202.02000427246094,198.82786560058594,552500,0.009090945813996578,1
2019-06-07,203.0399932861328,206.72999572753906,202.8000030517578,205.5500030517578,202.30209350585938,403900,0.012362144644517323,1
2019-06-10,207.24000549316406,209.9499969482422,207.17999267578125,207.8000030517578,204.51657104492188,799300,0.002702169193931149,0
2019-06-11,210.07000732421875,210.30999755859375,206.47000122070312,207.5500030517578,204.27049255371094,1218000,-0.011996021252913094,0
2019-06-12,206.86000061035156,207.25999450683594,206.05999755859375,206.64999389648438,203.3847198486328,395500,-0.0010152118014480876,0
2019-06-13,207.38999938964844,207.8699951171875,206.58999633789062,207.25,203.97523498535156,1036700,-0.0006750537155140441,0
2019-06-14,205.6999969482422,206.05999755859375,204.67999267578125,205.38999938964844,202.14462280273438,248000,-0.00150703725421907,0
2019-06-17,205.5800018310547,206.6999969482422,205.38999938964844,205.8000030517578,202.5481414794922,274400,0.0010701489383384754,0
2019-06-18,207.86000061035156,210.5,207.33999633789062,209.25,205.9436492919922,402400,0.006687190347189937,0
2019-06-19,209.83999633789062,210.75,208.5,210.25999450683594,206.9376678466797,377000,0.00200151628038069,0
2019-06-20,213.39999389648438,214.0399932861328,211.47000122070312,213.16000366210938,209.79185485839844,467100,-0.001124602817427511,0
2019-06-21,212.17999267578125,213.1699981689453,211.25999450683594,211.39999389648438,208.6842498779297,481600,-0.0036761184193683217,0
2019-06-24,211.8000030517578,212.17999267578125,211.22000122070312,211.22000122070312,208.50657653808594,286300,-0.0027384410892239306,0
2019-06-25,211.2100067138672,211.32000732421875,207.2899932861328,207.52000427246094,204.85411071777344,470300,-0.01747077469868751,0
2019-06-26,209.44000244140625,211.1300048828125,209.44000244140625,209.50999450683594,206.8185272216797,278900,0.0003341867103409185,0
2019-06-27,210.3699951171875,210.97000122070312,209.92999267578125,210.47999572753906,207.77609252929688,392600,0.0005228911579823263,0
2019-06-28,211.1999969482422,211.3800048828125,209.85000610351562,210.88999938964844,208.18081665039062,632300,-0.0014677914918233624,0
2019-07-01,215.3699951171875,215.66000366210938,213.02999877929688,213.97999572753906,211.23110961914062,893700,-0.006454006691564015,0
2019-07-02,213.75,214.61000061035156,213.3000030517578,214.61000061035156,211.85301208496094,355300,0.004023394668311403,0
2019-07-03,215.02999877929688,216.14999389648438,214.6199951171875,216.14999389648438,213.3732452392578,239500,0.0052085528695791136,0
2019-07-05,214.6300048828125,216.10000610351562,213.63999938964844,215.82000732421875,213.0474853515625,275700,0.005544436538852005,0
2019-07-08,214.35000610351562,214.49000549316406,213.32000732421875,214.22000122070312,211.46804809570312,251100,-0.0006065074836047218,0
2019-07-09,212.9499969482422,215.22999572753906,212.88999938964844,215.02999877929688,212.26763916015625,848700,0.009767559806822796,1
2019-07-10,216.14999389648438,218.00999450683594,216.13999938964844,216.67999267578125,213.89642333984375,610100,0.0024519953470398654,0
2019-07-11,217.24000549316406,218.14999389648438,216.64999389648438,217.39999389648438,214.607177734375,381600,0.0007364592122759216,0
2019-07-12,217.92999267578125,219.16000366210938,217.69000244140625,219.13999938964844,216.32484436035156,304500,0.005552272539500051,0
2019-07-15,219.58999633789062,220.0,219.1199951171875,219.67999267578125,216.85787963867188,280600,0.00040983805907143675,0
2019-07-16,219.50999450683594,219.50999450683594,217.3699951171875,217.82000732421875,215.0218048095703,1653000,-0.0076989076803268665,0
2019-07-17,217.9199981689453,218.64999389648438,217.2899932861328,217.2899932861328,214.4986114501953,218000,-0.002890991593731937,0
2019-07-18,217.0,219.13999938964844,216.52000427246094,218.8300018310547,216.01881408691406,348000,0.008433188161542338,1
2019-07-19,220.6699981689453,220.89999389648438,217.52999877929688,217.63999938964844,214.8441162109375,369400,-0.013730904991339615,0
2019-07-22,218.50999450683594,220.57000732421875,218.50999450683594,220.0,217.1737823486328,354100,0.006818935200318486,0
2019-07-23,221.2899932861328,221.2899932861328,219.5,221.25,218.40774536132812,316500,-0.0001807279467946854,0
2019-07-24,220.99000549316406,223.3699951171875,220.86000061035156,223.32000732421875,220.45114135742188,332800,0.010543471528746408,1
2019-07-25,222.88999938964844,222.88999938964844,221.27000427246094,221.74000549316406,218.8914337158203,385000,-0.005159468345970948,0
2019-07-26,222.57000732421875,223.58999633789062,222.52999877929688,223.27999877929688,220.4116668701172,253800,0.0031899691410077423,0
2019-07-29,223.27999877929688,223.6699981689453,220.9600067138672,222.92999267578125,220.06613159179688,528800,-0.0015675658609331671,0
2019-07-30,221.24000549316406,222.42999267578125,220.8800048828125,221.5800018310547,218.73348999023438,230100,0.0015367760325839003,0
2019-07-31,222.52000427246094,222.9600067138672,216.0500030517578,218.35000610351562,215.54498291015625,664600,-0.018739879960812094,0
2019-08-01,218.74000549316406,223.1999969482422,216.17999267578125,217.25,214.45912170410156,880600,-0.006811764906948525,0
2019-08-02,215.50999450683594,216.0,211.44000244140625,213.1999969482422,210.4611358642578,686600,-0.010718749095047084,0
2019-08-05,207.5800018310547,207.61000061035156,202.6199951171875,204.44000244140625,201.81369018554688,1097000,-0.015126695066724307,0
2019-08-06,206.97000122070312,208.27000427246094,205.1699981689453,207.42999267578125,204.76524353027344,695200,0.0022225030311886196,0
2019-08-07,205.27000427246094,209.25,204.13999938964844,208.85000610351562,206.16702270507812,462400,0.017440452850104905,1
2019-08-08,210.52000427246094,214.10000610351562,210.1199951171875,214.02000427246094,211.27061462402344,1096400,0.016625498427551812,1
2019-08-09,212.88999938964844,213.32000732421875,210.10000610351562,211.5800018310547,208.8619384765625,358700,-0.0061534011101953496,0
2019-08-12,210.2100067138672,210.6699981689453,207.82000732421875,208.77000427246094,206.0880584716797,411100,-0.006850303959917316,0
2019-08-13,208.6300048828125,214.5399932861328,208.16000366210938,213.7899932861328,211.04354858398438,423700,0.024732724356780218,1
2019-08-14,209.77999877929688,210.50999450683594,206.5500030517578,207.22000122070312,204.55796813964844,2258200,-0.012203248991754668,0
2019-08-15,207.36000061035156,207.77000427246094,205.05999755859375,206.80999755859375,204.15322875976562,643200,-0.0026524066846976848,0
2019-08-16,208.82000732421875,211.10000610351562,208.2899932861328,210.52999877929688,207.82542419433594,354700,0.008188829590562904,1
2019-08-19,213.83999633789062,214.4600067138672,212.60000610351562,213.63999938964844,210.89549255371094,658300,-0.0009352644578527322,0
2019-08-20,213.36000061035156,214.33999633789062,212.38999938964844,212.69000244140625,209.95770263671875,339400,-0.0031402238799619047,0
2019-08-21,214.75,215.75,214.14999389648438,215.14999389648438,212.3860626220703,372000,0.0018626025447467985,0
2019-08-22,215.7100067138672,216.14999389648438,212.85000610351562,214.63999938964844,211.8826446533203,259500,-0.004960397250546112,0
2019-08-23,213.47000122070312,215.50999450683594,207.0500030517578,207.7899932861328,205.12063598632812,625900,-0.026607991296621794,0
2019-08-26,210.3699951171875,210.67999267578125,208.86000061035156,210.4199981689453,207.71685791015625,377200,0.00023769098692025015,0
2019-08-27,211.8300018310547,212.17999267578125,208.75,209.89999389648438,207.2035369873047,362400,-0.00911111701783203,0
2019-08-28,208.77000427246094,210.3800048828125,207.16000366210938,210.0,207.30226135253906,300700,0.005891630513806109,0
2019-08-29,212.83999633789062,214.35000610351562,212.2899932861328,213.6999969482422,210.9547119140625,415900,0.004040596810508692,0
2019-08-30,214.99000549316406,215.22000122070312,211.9600067138672,213.55999755859375,210.81651306152344,317500,-0.006651508898239373,0
2019-09-03,211.9600067138672,212.63999938964844,210.14999389648438,210.92999267578125,208.2202911376953,460500,-0.004859473511323258,0
2019-09-04,213.22000122070312,214.5800018310547,213.05999755859375,214.5800018310547,211.82342529296875,250900,0.006378391344927494,0
2019-09-05,217.27000427246094,219.77000427246094,217.1999969482422,218.9199981689453,216.107666015625,438800,0.007594209343390308,0
2019-09-06,219.41000366210938,219.52000427246094,218.1999969482422,218.61000061035156,215.8016357421875,274900,-0.0036461557741451676,0
2019-09-09,219.49000549316406,219.6699981689453,215.6300048828125,216.92999267578125,214.1432342529297,700400,-0.011663459626012644,0
2019-09-10,215.72000122070312,215.85000610351562,213.3000030517578,215.85000610351562,213.0771026611328,439600,0.0006026556743780657,0
2019-09-11,216.38999938964844,218.1999969482422,215.94000244140625,218.07000732421875,215.26858520507812,290400,0.007763796567812551,0
2019-09-12,219.5,221.0,218.35000610351562,219.08999633789062,216.27548217773438,1673200,-0.001867898232844533,0
2019-09-13,218.8800048828125,219.0,217.3699951171875,217.5399932861328,214.74537658691406,284900,-0.0061221288687247815,0
2019-09-16,215.8699951171875,217.77000427246094,215.4600067138672,217.3300018310547,214.5380859375,291000,0.006763361036232044,0
2019-09-17,217.42999267578125,218.25,217.00999450683594,218.11000061035156,215.3080596923828,196400,0.0031274799129681254,0
2019-09-18,217.92999267578125,218.2899932861328,215.25,218.22999572753906,215.42652893066406,277800,0.00137660286257217,0
2019-09-19,218.83999633789062,220.55999755859375,218.3699951171875,218.72000122070312,215.9102325439453,467400,-0.0005483235203597181,0
2019-09-20,219.38999938964844,219.44000244140625,215.5500030517578,216.39999389648438,213.62002563476562,364000,-0.013628722829127922,0
2019-09-23,216.25,217.52999877929688,215.6999969482422,216.8800048828125,214.0938720703125,296200,0.00291331737716763,0
2019-09-24,218.13999938964844,219.0,213.6300048828125,214.42999267578125,211.67532348632812,543100,-0.017007457248774713,0
2019-09-25,214.2100067138672,217.6199951171875,212.22999572753906,216.99000549316406,214.2024688720703,351000,0.012977912759277776,1
2019-09-26,216.1699981689453,217.0399932861328,214.8000030517578,216.36000061035156,214.40460205078125,262100,0.0008789491743334136,0
2019-09-27,216.60000610351562,216.67999267578125,211.61000061035156,213.22000122070312,211.29298400878906,518600,-0.015604823580647348,0
2019-09-30,214.0500030517578,216.0,213.6999969482422,215.5500030517578,213.6019287109375,356900,0.007007708379416824,0
2019-10-01,216.50999450683594,217.91000366210938,213.38999938964844,213.61000061035156,211.679443359375,522300,-0.013394272643579105,0
2019-10-02,212.17999267578125,212.3000030517578,208.00999450683594,209.61000061035156,207.71560668945312,601600,-0.012112320455005052,0
2019-10-03,209.52000427246094,212.33999633789062,206.9199981689453,212.32000732421875,210.401123046875,504500,0.013363893636221359,1
2019-10-04,213.63999938964844,216.1199951171875,213.6300048828125,215.91000366210938,213.95867919921875,397900,0.010625371086623054,1
2019-10-07,215.1699981689453,216.89999389648438,214.97999572753906,215.22999572753906,213.28480529785156,347200,0.0002788379379296255,0
2019-10-08,213.72000122070312,214.02000427246094,210.94000244140625,211.0500030517578,209.14260864257812,481300,-0.012492972832187449,0
2019-10-09,213.16000366210938,214.83999633789062,212.85000610351562,214.05999755859375,212.12538146972656,362300,0.004222151815642678,0
2019-10-10,213.9600067138672,216.27000427246094,213.94000244140625,215.35000610351562,213.40374755859375,326800,0.00649653835311059,0
2019-10-11,217.8800048828125,220.42999267578125,217.8800048828125,218.5,216.5252685546875,782700,0.0028455806099369537,0
2019-10-14,218.27000427246094,219.25999450683594,218.25,218.49000549316406,216.51536560058594,283200,0.001007931536156031,0
2019-10-15,219.1199951171875,221.30999755859375,218.94000244140625,220.75999450683594,218.7648468017578,384900,0.007484480769412896,0
2019-10-16,219.44000244140625,219.44000244140625,217.97999572753906,218.8300018310547,216.852294921875,352200,-0.0027798058857315304,0
2019-10-17,219.77000427246094,220.16000366210938,217.47999572753906,218.6199951171875,216.64418029785156,326700,-0.005232784879267273,0
2019-10-18,218.19000244140625,218.4499969482422,214.80999755859375,216.30999755859375,214.3550567626953,317700,-0.008616365836089879,0
2019-10-21,217.5399932861328,218.63999938964844,216.88999938964844,218.47999572753906,216.50543212890625,240400,0.004321055761778268,0
2019-10-22,218.97999572753906,219.6699981689453,215.4499969482422,215.52000427246094,213.5722198486328,353300,-0.01580049101554985,0
2019-10-23,215.0,216.02999877929688,214.5,215.74000549316406,213.7902069091797,246700,0.00344188601471657,0
2019-10-24,218.0,219.17999267578125,217.36000061035156,219.0399932861328,217.0603790283203,255700,0.004770611404278957,0
2019-10-25,219.0,221.80999755859375,219.0,221.67999267578125,219.676513671875,274400,0.012237409478453197,1
2019-10-28,223.22000122070312,224.47999572753906,223.1300048828125,224.22000122070312,222.19357299804688,862500,0.004479885290437192,0
2019-10-29,224.1699981689453,224.49000549316406,222.39999389648438,222.39999389648438,220.3900146484375,295800,-0.00789581249461838,0
2019-10-30,223.0399932861328,224.10000610351562,221.6999969482422,223.89999389648438,221.87644958496094,348300,0.003855813469507631,0
2019-10-31,224.3800048828125,224.41000366210938,222.2899932861328,223.63999938964844,221.6188201904297,343200,-0.0032980010565136896,0
2019-11-01,224.5800018310547,226.5500030517578,224.1300048828125,226.5500030517578,224.5025177001953,569000,0.008771935188535186,1
2019-11-04,228.35000610351562,228.4499969482422,227.22999572753906,227.5800018310547,225.52320861816406,370600,-0.003372035261132768,0
2019-11-05,228.22999572753906,228.22999572753906,226.60000610351562,227.36000061035156,225.30520629882812,476800,-0.0038119227685834076,0
2019-11-06,227.3699951171875,227.3699951171875,226.02999877929688,227.1300048828125,225.07728576660156,353800,-0.0010555052976594734,0
2019-11-07,228.75999450683594,230.22999572753906,228.3699951171875,228.97000122070312,226.90065002441406,442700,0.0009180220270590711,0
2019-11-08,228.27000427246094,230.1999969482422,227.4600067138672,230.1999969482422,228.11952209472656,340800,0.00845486765522477,1
2019-11-11,228.88999938964844,230.72999572753906,228.61000061035156,230.49000549316406,228.4069061279297,323200,0.006990284013203529,0
2019-11-12,230.69000244140625,232.0,230.17999267578125,231.22000122070312,229.13031005859375,386700,0.0022974501438634783,0
2019-11-13,230.22999572753906,231.88999938964844,230.22000122070312,231.74000549316406,229.64561462402344,298200,0.006558701271106263,0
2019-11-14,230.91000366210938,231.55999755859375,230.3000030517578,231.4600067138672,229.36814880371094,450700,0.0023818935647440895,0
2019-11-15,232.97999572753906,233.39999389648438,232.35000610351562,233.38999938964844,231.28070068359375,320200,0.001759823459645257,0
2019-11-18,233.27999877929688,234.36000061035156,232.39999389648438,233.94000244140625,231.8257293701172,342000,0.0028292338201433022,0
2019-11-19,234.80999755859375,235.33999633789062,233.66000366210938,234.7100067138672,232.58877563476562,599100,-0.0004258372546578265,0
2019-11-20,234.07000732421875,234.9499969482422,231.64999389648438,233.47999572753906,231.36988830566406,809600,-0.0025206629564566182,0
2019-11-21,233.27000427246094,233.27999877929688,231.74000549316406,232.2100067138672,230.11135864257812,363000,-0.004544079989622951,0
2019-11-22,232.99000549316406,233.3300018310547,231.19000244140625,232.14999389648438,230.05189514160156,345400,-0.003605354637001086,0
2019-11-25,233.1300048828125,235.60000610351562,232.7899932861328,235.55999755859375,233.43109130859375,2035000,0.010423337300587863,1
2019-11-26,235.66000366210938,236.32000732421875,235.36000061035156,235.69000244140625,233.55992126464844,461700,0.0001272968634078756,0
2019-11-27,236.49000549316406,237.14999389648438,235.85000610351562,237.14999389648438,235.00669860839844,321500,0.002790766577826436,0
2019-11-29,236.47999572753906,236.8699951171875,236.0800018310547,236.14999389648438,234.01576232910156,189500,-0.0013954746152604798,0
2019-12-02,236.4199981689453,236.49000549316406,231.72999572753906,232.7899932861328,230.68609619140625,515600,-0.015354051733891415,0
2019-12-03,228.99000549316406,231.00999450683594,228.00999450683594,230.94000244140625,228.8528289794922,578900,0.008515642174175152,1
2019-12-04,232.32000732421875,232.5,231.41000366210938,231.72000122070312,229.62579345703125,522700,-0.0025826708186965346,0
2019-12-05,232.52000427246094,232.75999450683594,231.39999389648438,232.36000061035156,230.260009765625,354000,-0.0006881285875166544,0
2019-12-06,234.1999969482422,235.07000732421875,233.99000549316406,234.91000366210938,232.78695678710938,390100,0.003031625632446519,0
2019-12-09,234.5500030517578,235.14999389648438,233.5800018310547,233.6999969482422,231.587890625,305000,-0.003623986751038564,0
2019-12-10,233.9499969482422,234.77000427246094,233.2100067138672,233.60000610351562,231.48880004882812,730300,-0.0014960070497628283,0
2019-12-11,234.1999969482422,235.25,233.63999938964844,235.13999938964844,233.01486206054688,342100,0.004013674012190482,0
2019-12-12,234.63999938964844,237.75999450683594,233.8800048828125,237.42999267578125,235.28416442871094,613900,0.011890527162419938,1
2019-12-13,237.63999938964844,239.5,236.85000610351562,238.97000122070312,236.81027221679688,540400,0.0055967086116421785,0
2019-12-16,240.00999450683594,241.35000610351562,240.0,240.4600067138672,238.93771362304688,529300,0.0018749727816790263,0
2019-12-17,240.94000244140625,240.99000549316406,239.57000732421875,240.0,238.48062133789062,497800,-0.0039013963305443537,0
2019-12-18,240.3699951171875,240.92999267578125,239.88999938964844,240.0800018310547,238.5601043701172,406000,-0.0012064454467015826,0
2019-12-19,240.32000732421875,241.6999969482422,240.1999969482422,241.66000366210938,240.13011169433594,524600,0.005575883393190892,0
2019-12-20,243.11000061035156,243.33999633789062,242.47000122070312,243.00999450683594,241.4715576171875,519500,-0.00041136153701842724,0
2019-12-23,243.9199981689453,244.32000732421875,243.35000610351562,243.8300018310547,242.286376953125,430700,-0.00036895842311498875,0
2019-12-24,244.10000610351562,244.24000549316406,243.27000427246094,243.85000610351562,242.30625915527344,234600,-0.0010241703963496927,0
2019-12-26,244.32000732421875,245.72999572753906,244.32000732421875,245.72999572753906,244.17434692382812,301500,0.005771072204697599,0
2019-12-27,246.7100067138672,246.75,244.92999267578125,245.63999938964844,244.08489990234375,349500,-0.004337105488630375,0
2019-12-30,245.5,245.6300048828125,242.10000610351562,244.17999267578125,242.63414001464844,507000,-0.005376811911278004,0
2019-12-31,243.30999755859375,245.0500030517578,243.0,244.85000610351562,243.2999267578125,374300,0.0063294092325614825,0
2020-01-02,247.0500030517578,249.36000061035156,246.63999938964844,249.33999633789062,247.76148986816406,1415100,0.009269351377636095,1
2020-01-03,245.92999267578125,248.38999938964844,245.89999389648438,246.72000122070312,245.1580810546875,1632400,0.003212331022850771,0
2020-01-06,244.42999267578125,247.6300048828125,243.83999633789062,247.5399932861328,245.97286987304688,524900,0.012723481992967835,1
2020-01-07,247.8699951171875,248.55999755859375,247.02000427246094,247.50999450683594,245.9430694580078,387200,-0.0014523767194224622,0
2020-01-08,247.69000244140625,251.16000366210938,247.3800048828125,250.1199951171875,248.5365447998047,621500,0.009810620742983323,1
2020-01-09,252.30999755859375,253.02000427246094,251.0800018310547,252.92999267578125,251.32875061035156,576900,0.0024572752692588766,0
2020-01-10,253.9600067138672,254.27000427246094,251.91000366210938,252.3800048828125,250.78225708007812,604400,-0.006221459242733645,0
2020-01-13,253.5399932861328,255.8699951171875,253.38999938964844,255.75999450683594,254.14083862304688,592600,0.008756019876508163,1
2020-01-14,255.91000366210938,256.19000244140625,254.1199951171875,254.39999389648438,252.78944396972656,965600,-0.00590054997466508,0
2020-01-15,254.69000244140625,255.99000549316406,253.82000732421875,254.61000061035156,252.9981231689453,747800,-0.0003141145325211289,0
2020-01-16,256.3599853515625,258.1400146484375,256.0199890136719,258.1000061035156,256.466064453125,564800,0.006787411653058591,0
2020-01-17,259.2300109863281,259.7699890136719,257.8299865722656,259.6300048828125,257.9863586425781,541700,0.0015430076747767866,0
2020-01-21,258.8800048828125,260.7900085449219,258.739990234375,259.25,257.6087646484375,734800,0.0014292147335016705,0
2020-01-22,261.07000732421875,262.1300048828125,260.07000732421875,260.32000732421875,258.6719970703125,763000,-0.002872792656984863,0
2020-01-23,260.4700012207031,261.6099853515625,259.4100036621094,261.6099853515625,259.95379638671875,464100,0.004376642705558389,0
2020-01-24,263.489990234375,263.989990234375,259.25,260.260009765625,258.61236572265625,790800,-0.012258456064600118,0
2020-01-27,254.05999755859375,255.9499969482422,251.44000244140625,254.0500030517578,252.44168090820312,1072300,-3.933915977320464e-05,0
2020-01-28,256.1400146484375,259.4700012207031,255.67999267578125,258.8800048828125,257.2410888671875,622400,0.010697236189885235,1
2020-01-29,260.82000732421875,261.3699951171875,258.3800048828125,259.1400146484375,257.49945068359375,648000,-0.006441195570142338,0
2020-01-30,258.8800048828125,261.3599853515625,257.3800048828125,261.2099914550781,259.55633544921875,566300,0.009000256985163232,1
2020-01-31,259.9700012207031,260.0,253.27000427246094,254.17999267578125,252.5708465576172,942100,-0.02227183335667415,0
2020-02-03,254.4499969482422,257.8900146484375,254.22000122070312,257.3699951171875,255.7406463623047,974800,0.011475724912424625,1
2020-02-04,261.7300109863281,264.5299987792969,261.1000061035156,264.1000061035156,262.4280700683594,830100,0.009055114116475166,1
2020-02-05,268.3500061035156,268.6199951171875,263.45001220703125,265.3500061035156,263.6701354980469,757800,-0.01117942959480595,0
2020-02-06,266.42999267578125,267.4800109863281,265.1400146484375,267.4800109863281,265.7866516113281,518900,0.003941066469286897,0
2020-02-07,266.1099853515625,267.0899963378906,264.3999938964844,264.9800109863281,263.3024597167969,578600,-0.004246268187725261,0
2020-02-10,263.57000732421875,268.3399963378906,263.45001220703125,268.2799987792969,266.58160400390625,550100,0.01786998263912609,1
2020-02-11,270.6499938964844,270.8500061035156,267.0,267.7900085449219,266.0946960449219,536300,-0.010567099264950879,0
2020-02-12,269.5299987792969,270.7200012207031,268.1000061035156,270.6400146484375,268.9266662597656,513900,0.004118338864571269,0
2020-02-13,268.760009765625,271.4599914550781,268.30999755859375,270.0899963378906,268.3800964355469,512500,0.004948602931758537,0
2020-02-14,270.7300109863281,271.760009765625,269.8599853515625,271.17999267578125,269.46319580078125,482400,0.0016621049429050888,0
2020-02-18,269.2699890136719,270.6300048828125,268.7200012207031,270.19000244140625,268.4794921875,721800,0.0034166950097348665,0
2020-02-19,271.7200012207031,273.7300109863281,271.7200012207031,273.2099914550781,271.4803466796875,659300,0.005483550079792482,0
2020-02-20,272.8900146484375,273.510009765625,266.8399963378906,270.67999267578125,268.9664001464844,856300,-0.008098581311241481,0
2020-02-21,269.2200012207031,269.5,262.94000244140625,264.67999267578125,263.0043640136719,1140200,-0.01686356334721221,0
2020-02-24,252.17999267578125,257.25,249.0,253.85000610351562,252.24293518066406,1955900,0.006622307384557074,0
2020-02-25,256.0,256.8800048828125,244.75999450683594,245.77999877929688,244.22402954101562,1792800,-0.03992187976837158,0
2020-02-26,246.32000732421875,251.88999938964844,244.52000427246094,246.35000610351562,244.79043579101562,1788900,0.00012178783048422495,0
2020-02-27,238.22000122070312,243.75,233.60000610351562,233.60000610351562,232.1211395263672,2514300,-0.01939381703263121,0
2020-02-28,224.3699951171875,237.3300018310547,223.7899932861328,235.64999389648438,234.15814208984375,3537500,0.05027409646911736,1
2020-03-02,239.3800048828125,248.02000427246094,234.97999572753906,248.02000427246094,246.44985961914062,2176000,0.03609323758631434,1
2020-03-03,249.60000610351562,251.1999969482422,236.47999572753906,238.97000122070312,237.4571533203125,2091200,-0.04258815954677485,0
2020-03-04,244.42999267578125,248.89999389648438,240.7100067138672,248.72000122070312,247.14541625976562,951100,0.01755107259121127,1
2020-03-05,242.27000427246094,246.85000610351562,239.42999267578125,240.94000244140625,239.4146728515625,948100,-0.005489750309984495,0
2020-03-06,232.99000549316406,237.22000122070312,229.49000549316406,235.8300018310547,234.33702087402344,1686800,0.012189348345132987,1
2020-03-09,217.52000427246094,227.11000061035156,215.4499969482422,217.64999389648438,216.2720947265625,2519100,0.0005975984804625843,0
2020-03-10,225.67999267578125,230.52000427246094,217.58999633789062,230.52000427246094,229.94915771484375,3024600,0.021446347721364008,1
2020-03-11,224.2899932861328,225.5399932861328,216.14999389648438,219.42999267578125,218.88661193847656,1579900,-0.021668379133399536,0
2020-03-12,203.3000030517578,214.0800018310547,197.75999450683594,197.83999633789062,197.35008239746094,3462700,-0.026856894401900887,0
2020-03-13,210.6199951171875,219.88999938964844,199.25999450683594,219.6300048828125,219.08612060546875,2072300,0.04277851094152715,1
2020-03-16,193.27000427246094,206.5800018310547,190.0,190.00999450683594,189.53945922851562,1889800,-0.016867644712364294,0
2020-03-17,194.11000061035156,204.55999755859375,187.5800018310547,201.4600067138672,200.96112060546875,1583900,0.03786515934472498,1
2020-03-18,189.27999877929688,198.0,183.00999450683594,194.69000244140625,194.2078857421875,3809500,0.028582014460056687,1
2020-03-19,191.57000732421875,201.55999755859375,187.11000061035156,195.0,194.51712036132812,1326600,0.017904643444400088,1
2020-03-20,200.0,201.9199981689453,186.7899932861328,187.14999389648438,186.68655395507812,1574000,-0.06425003051757812,0
2020-03-23,186.97999572753906,190.3300018310547,179.4499969482422,185.49000549316406,185.03067016601562,1726000,-0.007968714666921714,0
2020-03-24,197.1999969482422,204.9499969482422,196.00999450683594,204.77000427246094,204.26292419433594,1560200,0.038387461670223055,1
2020-03-25,206.8800048828125,214.1199951171875,200.72000122070312,204.8699951171875,204.3626708984375,1820300,-0.009715824237163825,0
2020-03-26,207.25999450683594,217.94000244140625,207.25999450683594,217.52999877929688,216.99131774902344,1660300,0.0495513101643077,1
2020-03-27,210.94000244140625,214.5399932861328,207.3000030517578,207.91000366210938,207.3951416015625,1440300,-0.014364268247975067,0
2020-03-30,209.8000030517578,216.5,209.72999572753906,216.13999938964844,215.60476684570312,1532600,0.030219238539889552,1
2020-03-31,215.94000244140625,219.25,210.75,211.89999389648438,211.37525939941406,1475500,-0.018708939979835842,0
2020-04-01,204.86000061035156,208.8000030517578,200.22000122070312,201.8800048828125,201.3800811767578,1205000,-0.01454649867548855,0
2020-04-02,200.83999633789062,206.32000732421875,200.00999450683594,205.8300018310547,205.32029724121094,761300,0.024845676081217117,1
2020-04-03,205.0500030517578,207.08999633789062,200.0,202.50999450683594,202.00851440429688,501600,-0.01238726411664933,0
2020-04-06,211.5800018310547,221.27000427246094,210.1699981689453,219.75999450683594,219.21578979492188,1181100,0.03866146424515547,1
2020-04-07,228.17999267578125,228.17999267578125,217.86000061035156,218.08999633789062,217.5499267578125,1735400,-0.04421946122255952,0
2020-04-08,220.7100067138672,225.2899932861328,219.0399932861328,224.35000610351562,223.79443359375,1060900,0.01649222635549735,1
2020-04-09,227.63999938964844,228.5500030517578,223.22000122070312,224.8800048828125,224.3231201171875,1711700,-0.012124382859937066,0
2020-04-13,224.27999877929688,225.44000244140625,220.6199951171875,225.38999938964844,224.8318634033203,1013700,0.004949173427826975,0
2020-04-14,230.52999877929688,235.0,229.50999450683594,234.5399932861328,233.95919799804688,1619400,0.017394675435169704,1
2020-04-15,229.8800048828125,231.0800018310547,227.58999633789062,229.4600067138672,228.89178466796875,911900,-0.0018270321908137154,0
2020-04-16,232.19000244140625,232.5399932861328,228.24000549316406,231.83999633789062,231.26588439941406,1251100,-0.0015074124632215805,0
2020-04-17,236.0399932861328,236.3300018310547,232.0500030517578,235.57000732421875,234.98666381835938,1008800,-0.0019911285175488683,0
2020-04-20,232.49000549316406,235.3000030517578,231.61000061035156,231.66000366210938,231.08633422851562,1313000,-0.0035700538149761115,0
2020-04-21,228.47999572753906,229.0,220.85000610351562,222.13999938964844,221.58990478515625,1050000,-0.027748583930520685,0
2020-04-22,227.57000732421875,231.74000549316406,226.64999389648438,230.55999755859375,229.9890594482422,674400,0.013138771095239999,1
2020-04-23,231.1300048828125,233.77000427246094,229.08999633789062,229.3800048828125,228.81198120117188,600800,-0.00757149640042315,0
2020-04-24,230.24000549316406,234.08999633789062,228.7100067138672,233.88999938964844,233.31080627441406,856600,0.015852996045002028,1
2020-04-27,236.16000366210938,237.00999450683594,235.0,236.5500030517578,235.9642333984375,886000,0.0016514201541359937,0
2020-04-28,239.5,239.66000366210938,233.27000427246094,233.5500030517578,232.97164916992188,843100,-0.024843411057378653,0
2020-04-29,238.4600067138672,244.1999969482422,237.75,243.52000427246094,242.91696166992188,948400,0.021219480902998297,1
2020-04-30,244.08999633789062,244.08999633789062,240.3300018310547,242.0,241.40072631835938,836600,-0.008562400627830197,0
2020-05-01,236.57000732421875,239.32000732421875,234.05999755859375,235.0500030517578,234.4679412841797,929700,-0.006425177433324312,0
2020-05-04,233.3300018310547,238.13999938964844,232.57000732421875,237.94000244140625,237.3507843017578,624800,0.01975742756685652,1
2020-05-05,240.64999389648438,244.47000122070312,240.4499969482422,241.6199951171875,241.02166748046875,899900,0.00403075522669812,0
2020-05-06,243.66000366210938,245.7100067138672,242.16000366210938,243.36000061035156,242.75735473632812,712000,-0.0012312363426450396,0
2020-05-07,247.02000427246094,249.11000061035156,246.67999267578125,247.74000549316406,247.12652587890625,812200,0.002914748636749961,0
2020-05-08,250.35000610351562,251.7100067138672,248.5399932861328,251.41000366210938,250.7874298095703,774100,0.004234062443583318,0
2020-05-11,249.7899932861328,254.66000366210938,249.35000610351562,253.13999938964844,252.5131378173828,1384000,0.013411290258045746,1
2020-05-12,254.3699951171875,254.91000366210938,247.6999969482422,247.6999969482422,247.08660888671875,3595300,-0.026221638939264297,0
2020-05-13,248.1300048828125,249.75999450683594,240.16000366210938,243.3000030517578,242.697509765625,1163500,-0.01946560970462163,0
2020-05-14,241.30999755859375,246.5,238.5800018310547,246.22999572753906,245.62025451660156,799800,0.020388704234065816,1
2020-05-15,242.77000427246094,247.67999267578125,242.10000610351562,247.67999267578125,247.066650390625,665300,0.020224856106233903,1
2020-05-18,252.58999633789062,255.08999633789062,251.9499969482422,253.64999389648438,253.02186584472656,900500,0.004196514406595055,0
2020-05-19,254.0399932861328,256.9700012207031,252.8800048828125,252.8800048828125,252.2537841796875,709600,-0.00456616451730804,0
2020-05-20,256.5299987792969,259.1700134277344,256.2099914550781,258.6700134277344,258.0294494628906,709000,0.008342161379257017,1
2020-05-21,258.489990234375,259.3599853515625,254.92999267578125,255.47000122070312,254.83737182617188,704800,-0.011683195202002315,0
2020-05-22,255.07000732421875,256.8999938964844,254.00999450683594,256.7200012207031,256.08428955078125,521100,0.006468788368312831,0
2020-05-26,261.8999938964844,261.8999938964844,256.45001220703125,256.8999938964844,256.2638244628906,763100,-0.019091256649575346,0
2020-05-27,256.75,258.3599853515625,250.91000366210938,258.3299865722656,257.6902770996094,836700,0.006153793854978091,0
2020-05-28,257.5899963378906,262.54998779296875,257.0,257.80999755859375,257.17156982421875,702500,0.0008540751730689922,0
2020-05-29,258.44000244140625,261.70001220703125,256.5400085449219,261.0299987792969,260.38360595703125,738500,0.010021654207644698,1
2020-06-01,259.9800109863281,262.4800109863281,259.0899963378906,261.8699951171875,261.2215270996094,1017600,0.007269728636786487,0
2020-06-02,262.3699951171875,264.2099914550781,259.6600036621094,264.2099914550781,263.55572509765625,570700,0.00701298308546597,0
2020-06-03,265.2699890136719,267.3500061035156,264.29998779296875,266.6700134277344,266.0096435546875,716600,0.005277733901479309,0
2020-06-04,265.7099914550781,267.1099853515625,262.4100036621094,264.04998779296875,263.3961181640625,706400,-0.0062474265759404875,0
2020-06-05,266.04998779296875,271.1700134277344,265.1199951171875,270.42999267578125,269.76031494140625,713800,0.01646308995969913,1
2020-06-08,270.20001220703125,272.1700134277344,267.8999938964844,272.0899963378906,271.41619873046875,1388400,0.006994759605751761,0
2020-06-09,270.6199951171875,274.17999267578125,270.32000732421875,272.70001220703125,272.02471923828125,638800,0.007686117535191859,0
2020-06-10,274.80999755859375,278.7799987792969,274.1000061035156,276.760009765625,276.07464599609375,641200,0.007095856134620711,0
2020-06-11,270.9599914550781,272.1700134277344,260.7300109863281,260.989990234375,260.34368896484375,1338400,-0.03679510457305292,0
2020-06-12,268.57000732421875,269.3800048828125,259.6600036621094,264.20001220703125,263.5457763671875,1116200,-0.01627134452102846,0
2020-06-15,259.1700134277344,268.45001220703125,258.6099853515625,267.489990234375,266.8276062011719,745000,0.03210238984287634,1
2020-06-16,274.239990234375,275.3599853515625,269.0,273.1199951171875,272.44366455078125,1103700,-0.0040839963428758634,0
2020-06-17,275.19000244140625,275.55999755859375,272.6099853515625,272.9100036621094,272.23419189453125,540400,-0.008285180272064334,0
2020-06-18,272.6199951171875,274.70001220703125,272.010009765625,274.3999938964844,273.7204895019531,666800,0.006529230471637749,0
2020-06-19,277.7200012207031,278.0199890136719,271.3999938964844,272.5799865722656,271.9049987792969,638100,-0.018507902296719163,0
2020-06-22,272.3800048828125,277.17999267578125,271.9700012207031,276.94000244140625,276.94000244140625,553300,0.016741308013984442,1
2020-06-23,279.1600036621094,282.0400085449219,278.42999267578125,278.760009765625,278.760009765625,695300,-0.0014328481560292605,0
2020-06-24,277.7099914550781,279.2300109863281,270.8800048828125,272.4599914550781,272.4599914550781,911600,-0.01890461330718535,0
2020-06-25,272.7099914550781,276.29998779296875,269.82000732421875,276.0799865722656,276.0799865722656,629900,0.012357431787542771,1
2020-06-26,275.5,276.0199890136719,269.9100036621094,270.9800109863281,270.9800109863281,879700,-0.016406493697538566,0
2020-06-29,271.2799987792969,273.739990234375,267.4599914550781,273.739990234375,273.739990234375,868600,0.009068090040355244,1
2020-06-30,273.6099853515625,279.510009765625,273.5299987792969,278.7099914550781,278.7099914550781,748400,0.018639692908000445,1
2020-07-01,278.6499938964844,280.8900146484375,277.5299987792969,279.3699951171875,279.3699951171875,945600,0.0025838910334611315,0
2020-07-02,281.9599914550781,283.29998779296875,280.239990234375,280.8999938964844,280.8999938964844,820600,-0.0037593899514734128,0
2020-07-06,284.4599914550781,287.19000244140625,284.1199951171875,285.3399963378906,285.3399963378906,780700,0.0030935980779267873,0
2020-07-07,284.95001220703125,288.1199951171875,282.3599853515625,282.7200012207031,282.7200012207031,788000,-0.007825972594477041,0
2020-07-08,284.6700134277344,287.6300048828125,283.6099853515625,287.6300048828125,287.6300048828125,566000,0.01039797419979938,1
2020-07-09,290.0,290.05999755859375,284.4100036621094,288.7900085449219,288.7900085449219,602700,-0.004172384327855603,0
2020-07-10,288.1700134277344,288.6000061035156,285.2799987792969,288.2300109863281,288.2300109863281,583700,0.00020820194953697306,0
2020-07-13,290.67999267578125,292.44000244140625,281.0,281.6499938964844,281.6499938964844,1407500,-0.031065085340664496,0
2020-07-14,279.3699951171875,285.3500061035156,276.1400146484375,285.0199890136719,285.0199890136719,1042200,0.020224054104716466,1
2020-07-15,287.7799987792969,288.8699951171875,283.1000061035156,286.79998779296875,286.79998779296875,850900,-0.003405417299621685,0
2020-07-16,283.80999755859375,284.5,280.9800109863281,283.17999267578125,283.17999267578125,520200,-0.0022198121568371915,0
2020-07-17,284.75,285.69000244140625,282.20001220703125,284.8599853515625,284.8599853515625,484700,0.0003862523320895522,0
2020-07-20,285.6499938964844,293.0400085449219,284.3699951171875,292.3399963378906,292.3399963378906,657300,0.023420278607919783,1
2020-07-21,294.94000244140625,294.94000244140625,288.6199951171875,289.5199890136719,289.5199890136719,774300,-0.01837666434823853,0
2020-07-22,289.9700012207031,292.94000244140625,289.5899963378906,291.70001220703125,291.70001220703125,600900,0.005966172290392799,0
2020-07-23,290.6000061035156,292.42999267578125,283.1700134277344,284.5299987792969,284.5299987792969,1057500,-0.020887843072021586,0
2020-07-24,280.1600036621094,282.8900146484375,276.3900146484375,280.8599853515625,280.8599853515625,1299600,0.0024985068543093934,0
2020-07-27,282.6700134277344,285.9599914550781,282.239990234375,285.6199951171875,285.6199951171875,698100,0.01043613241348396,1
2020-07-28,285.07000732421875,285.70001220703125,282.05999755859375,282.2099914550781,282.2099914550781,443300,-0.010032678975897462,0
2020-07-29,283.4599914550781,287.6300048828125,283.4599914550781,287.0400085449219,287.0400085449219,402700,0.012629708592971224,1
2020-07-30,284.3599853515625,288.7200012207031,282.739990234375,288.4800109863281,288.4800109863281,439200,0.014488767221140196,1
2020-07-31,293.1199951171875,295.3299865722656,288.1300048828125,295.2699890136719,295.2699890136719,782100,0.007334859212265002,0
2020-08-03,299.4800109863281,303.239990234375,298.760009765625,302.17999267578125,302.17999267578125,952700,0.009015565615083354,1
2020-08-04,301.94000244140625,303.239990234375,300.42999267578125,303.1700134277344,303.1700134277344,905700,0.004073693370810706,0
2020-08-05,304.2699890136719,305.20001220703125,303.1199951171875,304.5,304.5,517700,0.0007559437165450774,0
2020-08-06,304.5799865722656,308.4700012207031,303.3999938964844,308.1700134277344,308.1700134277344,553500,0.011786811391880368,1
2020-08-07,307.1400146484375,307.1400146484375,300.70001220703125,303.19000244140625,303.19000244140625,1024000,-0.012860623880455835,0
2020-08-10,303.92999267578125,304.3599853515625,298.2200012207031,302.2300109863281,302.2300109863281,681900,-0.005593333104398777,0
2020-08-11,301.2900085449219,302.80999755859375,296.510009765625,296.8800048828125,296.8800048828125,629100,-0.01463707237889321,0
2020-08-12,299.3800048828125,304.010009765625,299.0,303.3900146484375,303.3900146484375,1069000,0.013394380720899025,1
2020-08-13,303.75,306.5,302.8900146484375,304.1300048828125,304.1300048828125,764100,0.0012510448816872427,0
2020-08-14,304.239990234375,304.6400146484375,301.94000244140625,303.3800048828125,303.3800048828125,413200,-0.0028266676938163184,0
2020-08-17,305.1300048828125,306.5,305.07000732421875,305.9800109863281,305.9800109863281,408600,0.0027857178576786517,0
2020-08-18,306.7200012207031,307.7850036621094,304.42779541015625,306.8900146484375,306.8900146484375,411114,0.0005542952108038116,0
